diff_mse,corr,TP,FP,TN,FN,acc
0.22807017543859648,0.43090547003103313,22.0,49.0,154.0,3.0,0.7719298245614035
